Estudiante,Grado - nivel,Pensi√≥n,Monto
,,,600
,,,600
,,,600
,,,600
,,,600
,,,600
,,,600
,,,600
,,,600
,,,600
,,,600
,,,600
,,,600
,,,600
,,,600
,,,600
,,,600
,,,600
,,,600
,,,600
,,,600
,,,600
,,,600
,,,600
,,,600
,,,600
,,,600
,,,600
,,,600
,,,600
,,,600
,,,600
,,,600
,,,600
,,,600
,,,600
,,,600
,,,600
,,,600
,,,600
,,,600
,,,600
,,,600
,,,600
,,,600
,,,600
,,,600
,,,600
,,,600
,,,600
,,,600
,,,600
,,,600
,,,600
,,,600
,,,600
,,,600
,,,600
,,,600
,,,600
,,,600
,,,600
,,,600
,,,600
,,,600
,,,600
,,,600
,,,600
,,,600
,,,600
,,,600
,,,600
,,,600
,,,600
,,,600
,,,600
,,,600